{
    "region":"other",
    "web-secret":"hiddify",
    "execute-config-as-is": false,
    "log-level": "warn",
    "resolve-destination": false,
    "ipv6-mode": "ipv4_only",
    "remote-dns-address": "udp://1.1.1.1",
    "remote-dns-domain-strategy": "",
    "direct-dns-address": "1.1.1.1",
    "direct-dns-domain-strategy": "",
    "mixed-port": 12334,
    "local-dns-port": 16450,
    "tun-implementation": "mixed",
    "mtu": 9000,
    "strict-route": true,
    "connection-test-url": "http://cp.cloudflare.com/",
    "url-test-interval": 600,
    "enable-clash-api": true,
    "clash-api-port": 16756,
    "enable-tun": false,
    "enable-tun-service": false,
    "set-system-proxy": false,
    "bypass-lan": false,
    "allow-connection-from-lan": false,
    "enable-fake-dns": false,
    "enable-dns-routing": true,
    "independent-dns-cache": true,
    "geoip-path": "geo-assets\\sagernet-sing-geoip-geoip.db",
    "geosite-path": "geo-assets\\sagernet-sing-geosite-geosite.db",
    "rules": [],
    "mux": {
        "enable": false,
        "padding": false,
        "max-streams": 8,
        "protocol": "h2mux"
    },
    "tls-tricks": {
        "enable-fragment": false,
        "fragment-size": "1-200",
        "fragment-sleep": "0-100",
        "mixed-sni-case": false,
        "enable-padding": false,
        "padding-size": "1-1500"
    },
    "warp": {
        "enable": false,
        "mode": "proxy_over_warp",
        "clean-ip": "auto",
        "clean-port": 0,
        "noise": "5-10",
        "noise-delay": "20-200"
    }
}